<?xml version="1.0" encoding="utf-8"?>
<MD_Metadata xmlns="http://www.isotc211.org/2005/gmd"
             xmlns:gco="http://www.isotc211.org/2005/gco"
             xmlns:gts="http://www.isotc211.org/2005/gts"
             xmlns:srv="http://www.isotc211.org/2005/srv"
             xmlns:gml="http://www.opengis.net/gml"
             xmlns:xlink="http://www.w3.org/1999/xlink"
             xmlns:xsi="http://www.w3.org/2001/XMLSchema-instance">
   <language>
      <LanguageCode codeList="http://www.loc.gov/standards/iso639-2/php/code_list.php"
                    codeListValue="eng"
                    codeSpace="ISO639-2">eng</LanguageCode>
   </language>
   <characterSet>
      <MD_CharacterSetCode codeList="http://www.isotc211.org/2005/resources/Codelist/gmxCodelists.xml#MD_CharacterSetCode"
                           codeListValue="utf8"
                           codeSpace="ISOTC211/19115">utf8</MD_CharacterSetCode>
   </characterSet>
   <hierarchyLevel>
      <MD_ScopeCode codeList="http://www.isotc211.org/2005/resources/Codelist/gmxCodelists.xml#MD_ScopeCode"
                    codeListValue="dataset"
                    codeSpace="ISOTC211/19115">dataset</MD_ScopeCode>
   </hierarchyLevel>
   <hierarchyLevelName>
      <gco:CharacterString>dataset</gco:CharacterString>
   </hierarchyLevelName>
   <contact>
      <CI_ResponsibleParty>
         <individualName>
            <gco:CharacterString>GIG Earth Observation Team</gco:CharacterString>
         </individualName>
         <organisationName>
            <gco:CharacterString>Scottish Natural Heritage (NatureScot)</gco:CharacterString>
         </organisationName>
         <positionName>
            <gco:CharacterString>Earth Observation analyst</gco:CharacterString>
         </positionName>
         <role>
            <CI_RoleCode codeList="http://www.isotc211.org/2005/resources/Codelist/gmxCodelists.xml#CI_RoleCode"
                         codeListValue="originator"
                         codeSpace="ISOTC211/19115">originator</CI_RoleCode>
         </role>
      </CI_ResponsibleParty>
   </contact>
   <dateStamp>
      <gco:Date>2020-04-13</gco:Date>
   </dateStamp>
   <metadataStandardName>
      <gco:CharacterString>INSPIRE Metadata Implementing Rules: Technical Guidelines based on EN ISO 19115 and EN ISO 19119</gco:CharacterString>
   </metadataStandardName>
   <metadataStandardVersion>
      <gco:CharacterString>V. 1.2</gco:CharacterString>
   </metadataStandardVersion>
   <spatialRepresentationInfo>
      <MD_VectorSpatialRepresentation>
         <topologyLevel>
            <MD_TopologyLevelCode codeList="http://www.isotc211.org/2005/resources/Codelist/gmxCodelists.xml#MD_TopologyLevelCode"
                                  codeListValue="geometryOnly"
                                  codeSpace="ISOTC211/19115">geometryOnly</MD_TopologyLevelCode>
         </topologyLevel>
         <geometricObjects>
            <MD_GeometricObjects>
               <geometricObjectType>
                  <MD_GeometricObjectTypeCode codeList="http://www.isotc211.org/2005/resources/Codelist/gmxCodelists.xml#MD_GeometricObjectTypeCode"
                                              codeListValue="composite"
                                              codeSpace="ISOTC211/19115">composite</MD_GeometricObjectTypeCode>
               </geometricObjectType>
            </MD_GeometricObjects>
         </geometricObjects>
      </MD_VectorSpatialRepresentation>
   </spatialRepresentationInfo>
   <referenceSystemInfo>
      <MD_ReferenceSystem>
         <referenceSystemIdentifier>
            <RS_Identifier>
               <code>
                  <gco:CharacterString>27700</gco:CharacterString>
               </code>
               <codeSpace>
                  <gco:CharacterString>EPSG</gco:CharacterString>
               </codeSpace>
               <version>
                  <gco:CharacterString>8.6.2</gco:CharacterString>
               </version>
            </RS_Identifier>
         </referenceSystemIdentifier>
      </MD_ReferenceSystem>
   </referenceSystemInfo>
   <identificationInfo>
      <MD_DataIdentification>
         <citation>
            <CI_Citation>
               <title>
                  <gco:CharacterString>Bare peat in Scotland from Sentinel 2</gco:CharacterString>
               </title>
               <alternateTitle>
                  <gco:CharacterString>Dataset name: GIS_SNH_OWNER.PEATLAND_ACTION_BAREPEAT_EO</gco:CharacterString>
               </alternateTitle>
               <date>
                  <CI_Date>
                     <date>
                        <gco:Date>2020-04-13</gco:Date>
                     </date>
                     <dateType>
                        <CI_DateTypeCode codeList="http://www.isotc211.org/2005/resources/Codelist/gmxCodelists.xml#CI_DateTypeCode"
                                         codeListValue="creation"
                                         codeSpace="ISOTC211/19115">creation</CI_DateTypeCode>
                     </dateType>
                  </CI_Date>
               </date>
               <presentationForm>
                  <CI_PresentationFormCode codeList="http://www.isotc211.org/2005/resources/Codelist/gmxCodelists.xml#CI_PresentationFormCode"
                                           codeListValue="mapDigital"
                                           codeSpace="ISOTC211/19115">mapDigital</CI_PresentationFormCode>
               </presentationForm>
            </CI_Citation>
         </citation>
         <abstract>
            <gco:CharacterString>&lt;DIV STYLE="text-align:Left;"&gt;&lt;DIV&gt;&lt;DIV&gt;&lt;P&gt;&lt;SPAN&gt;The dataset shows larger expanses of bare peat across Scotland from Sentinel 2 imagery taken in summer 2018. &lt;/SPAN&gt;&lt;SPAN&gt;Resolution of 10m x 10m Sentinel 2 pixels. &lt;/SPAN&gt;&lt;SPAN&gt;Produced by GIG Earth Observation team for the Peatland Action project to be used at a regional scale to identify those parts of Scotland with the most exposed peat.&lt;/SPAN&gt;&lt;/P&gt;&lt;/DIV&gt;&lt;/DIV&gt;&lt;/DIV&gt;</gco:CharacterString>
         </abstract>
         <pointOfContact>
            <CI_ResponsibleParty>
               <individualName>
                  <gco:CharacterString>Sunny Townsend</gco:CharacterString>
               </individualName>
               <organisationName>
                  <gco:CharacterString>Scottish Natural Heritage (NatureScot)</gco:CharacterString>
               </organisationName>
               <positionName>
                  <gco:CharacterString>Peatland Action data team manager</gco:CharacterString>
               </positionName>
               <role>
                  <CI_RoleCode codeList="http://www.isotc211.org/2005/resources/Codelist/gmxCodelists.xml#CI_RoleCode"
                               codeListValue="custodian"
                               codeSpace="ISOTC211/19115">custodian</CI_RoleCode>
               </role>
            </CI_ResponsibleParty>
         </pointOfContact>
         <pointOfContact>
            <CI_ResponsibleParty>
               <individualName>
                  <gco:CharacterString>GIG Earth Observation Team</gco:CharacterString>
               </individualName>
               <organisationName>
                  <gco:CharacterString>Scottish Natural Heritage (NatureScot)</gco:CharacterString>
               </organisationName>
               <positionName>
                  <gco:CharacterString>Earth Observation analyst</gco:CharacterString>
               </positionName>
               <role>
                  <CI_RoleCode codeList="http://www.isotc211.org/2005/resources/Codelist/gmxCodelists.xml#CI_RoleCode"
                               codeListValue="originator"
                               codeSpace="ISOTC211/19115">originator</CI_RoleCode>
               </role>
            </CI_ResponsibleParty>
         </pointOfContact>
         <pointOfContact>
            <CI_ResponsibleParty>
               <individualName>
                  <gco:CharacterString>GIG data supply</gco:CharacterString>
               </individualName>
               <organisationName>
                  <gco:CharacterString>Scottish Natural Heritage (NatureScot)</gco:CharacterString>
               </organisationName>
               <positionName>
                  <gco:CharacterString>Data supply</gco:CharacterString>
               </positionName>
               <contactInfo>
                  <CI_Contact>
                     <address>
                        <CI_Address>
                           <electronicMailAddress>
                              <gco:CharacterString>data_supply@nature.scot</gco:CharacterString>
                           </electronicMailAddress>
                        </CI_Address>
                     </address>
                  </CI_Contact>
               </contactInfo>
               <role>
                  <CI_RoleCode codeList="http://www.isotc211.org/2005/resources/Codelist/gmxCodelists.xml#CI_RoleCode"
                               codeListValue="distributor"
                               codeSpace="ISOTC211/19115">distributor</CI_RoleCode>
               </role>
            </CI_ResponsibleParty>
         </pointOfContact>
         <resourceMaintenance>
            <MD_MaintenanceInformation>
               <maintenanceAndUpdateFrequency>
                  <MD_MaintenanceFrequencyCode codeList="http://www.isotc211.org/2005/resources/Codelist/gmxCodelists.xml#MD_MaintenanceFrequencyCode"
                                               codeListValue="notPlanned"
                                               codeSpace="ISOTC211/19115">notPlanned</MD_MaintenanceFrequencyCode>
               </maintenanceAndUpdateFrequency>
            </MD_MaintenanceInformation>
         </resourceMaintenance>
         <descriptiveKeywords>
            <MD_Keywords>
               <keyword>
                  <gco:CharacterString>GB-SCT</gco:CharacterString>
               </keyword>
               <type>
                  <MD_KeywordTypeCode codeList="http://www.isotc211.org/2005/resources/Codelist/gmxCodelists.xml#MD_KeywordTypeCode"
                                      codeListValue="place"
                                      codeSpace="ISOTC211/19115">place</MD_KeywordTypeCode>
               </type>
            </MD_Keywords>
         </descriptiveKeywords>
         <descriptiveKeywords>
            <MD_Keywords>
               <keyword>
                  <gco:CharacterString>Peatland</gco:CharacterString>
               </keyword>
               <type>
                  <MD_KeywordTypeCode codeList="http://www.isotc211.org/2005/resources/Codelist/gmxCodelists.xml#MD_KeywordTypeCode"
                                      codeListValue="theme"
                                      codeSpace="ISOTC211/19115">theme</MD_KeywordTypeCode>
               </type>
            </MD_Keywords>
         </descriptiveKeywords>
         <descriptiveKeywords>
            <MD_Keywords>
               <keyword>
                  <gco:CharacterString>Downloadable Data</gco:CharacterString>
               </keyword>
               <thesaurusName uuidref="723f6998-058e-11dc-8314-0800200c9a66"/>
            </MD_Keywords>
         </descriptiveKeywords>
         <resourceConstraints>
            <MD_Constraints>
               <useLimitation>
                  <gco:CharacterString>&lt;DIV STYLE="text-align:Left;"&gt;&lt;DIV&gt;&lt;DIV&gt;&lt;P&gt;&lt;SPAN&gt;For use at a landscape level - local mapping of bare peat would benefit from using higher resolution imagery and/or ground survey&lt;/SPAN&gt;&lt;/P&gt;&lt;/DIV&gt;&lt;/DIV&gt;&lt;/DIV&gt;</gco:CharacterString>
               </useLimitation>
            </MD_Constraints>
         </resourceConstraints>
         <resourceConstraints>
            <MD_LegalConstraints>
               <useLimitation>
                  <gco:CharacterString>Open Government Licence</gco:CharacterString>
               </useLimitation>
            </MD_LegalConstraints>
         </resourceConstraints>
         <resourceConstraints>
            <MD_LegalConstraints>
               <accessConstraints>
                  <MD_RestrictionCode codeList="http://www.isotc211.org/2005/resources/Codelist/gmxCodelists.xml#MD_RestrictionCode"
                                      codeListValue="copyright"
                                      codeSpace="ISOTC211/19115">copyright</MD_RestrictionCode>
               </accessConstraints>
               <useConstraints>
                  <MD_RestrictionCode codeList="http://www.isotc211.org/2005/resources/Codelist/gmxCodelists.xml#MD_RestrictionCode"
                                      codeListValue="license"
                                      codeSpace="ISOTC211/19115">license</MD_RestrictionCode>
               </useConstraints>
            </MD_LegalConstraints>
         </resourceConstraints>
         <spatialRepresentationType>
            <MD_SpatialRepresentationTypeCode codeList="http://www.isotc211.org/2005/resources/Codelist/gmxCodelists.xml#MD_SpatialRepresentationTypeCode"
                                              codeListValue="vector"
                                              codeSpace="ISOTC211/19115">vector</MD_SpatialRepresentationTypeCode>
         </spatialRepresentationType>
         <language>
            <LanguageCode codeList="http://www.loc.gov/standards/iso639-2/php/code_list.php"
                          codeListValue="eng"
                          codeSpace="ISO639-2">eng</LanguageCode>
         </language>
         <characterSet>
            <MD_CharacterSetCode codeList="http://www.isotc211.org/2005/resources/Codelist/gmxCodelists.xml#MD_CharacterSetCode"
                                 codeListValue="utf8"
                                 codeSpace="ISOTC211/19115">utf8</MD_CharacterSetCode>
         </characterSet>
         <topicCategory>
            <MD_TopicCategoryCode>environment</MD_TopicCategoryCode>
         </topicCategory>
         <environmentDescription>
            <gco:CharacterString>Microsoft Windows 7 Version 6.1 (Build 7601) Service Pack 1; Esri ArcGIS 10.3.1.5004</gco:CharacterString>
         </environmentDescription>
         <extent>
            <EX_Extent>
               <geographicElement>
                  <EX_GeographicBoundingBox>
                     <extentTypeCode>
                        <gco:Boolean>true</gco:Boolean>
                     </extentTypeCode>
                     <westBoundLongitude>
                        <gco:Decimal>-7.918919</gco:Decimal>
                     </westBoundLongitude>
                     <eastBoundLongitude>
                        <gco:Decimal>-0.859669</gco:Decimal>
                     </eastBoundLongitude>
                     <southBoundLatitude>
                        <gco:Decimal>54.773053</gco:Decimal>
                     </southBoundLatitude>
                     <northBoundLatitude>
                        <gco:Decimal>60.750538</gco:Decimal>
                     </northBoundLatitude>
                  </EX_GeographicBoundingBox>
               </geographicElement>
            </EX_Extent>
         </extent>
      </MD_DataIdentification>
   </identificationInfo>
   <distributionInfo>
      <MD_Distribution>
         <distributionFormat>
            <MD_Format>
               <name>
                  <gco:CharacterString>SDE Feature Class</gco:CharacterString>
               </name>
               <version gco:nilReason="missing"/>
            </MD_Format>
         </distributionFormat>
         <distributor>
            <MD_Distributor>
               <distributorContact>
                  <CI_ResponsibleParty>
                     <individualName>
                        <gco:CharacterString>GIG data supply</gco:CharacterString>
                     </individualName>
                     <organisationName>
                        <gco:CharacterString>Scottish Natural Heritage (NatureScot)</gco:CharacterString>
                     </organisationName>
                     <positionName>
                        <gco:CharacterString>Data supply</gco:CharacterString>
                     </positionName>
                     <contactInfo>
                        <CI_Contact>
                           <address>
                              <CI_Address>
                                 <electronicMailAddress>
                                    <gco:CharacterString>data_supply@nature.scot</gco:CharacterString>
                                 </electronicMailAddress>
                              </CI_Address>
                           </address>
                        </CI_Contact>
                     </contactInfo>
                     <role>
                        <CI_RoleCode codeList="http://www.isotc211.org/2005/resources/Codelist/gmxCodelists.xml#CI_RoleCode"
                                     codeListValue="distributor"
                                     codeSpace="ISOTC211/19115">distributor</CI_RoleCode>
                     </role>
                  </CI_ResponsibleParty>
               </distributorContact>
            </MD_Distributor>
         </distributor>
         <transferOptions>
            <MD_DigitalTransferOptions>
               <transferSize>
                  <gco:Real>8.59</gco:Real>
               </transferSize>
            </MD_DigitalTransferOptions>
         </transferOptions>
      </MD_Distribution>
   </distributionInfo>
   <dataQualityInfo>
      <DQ_DataQuality>
         <scope gco:nilReason="missing"/>
         <lineage>
            <LI_Lineage>
               <statement>
                  <gco:CharacterString>Thresholding and machine learning approaches were trialled before the machine learning method was rolled out across Scotland.
A Sentinel 2 mosaic of Scotland comprised of images from late June 2018 was supplied by JNCC and used for this work (apart from a part of southern Shetland which was affected by cloud).
Using Sentinel 2 meant that the whole country could be processed in a relatively short space of time, although the country was split into 14 separate regions for classification and a final manual cleaning step was required for most areas.
With a 10 metre pixel resolution the output map is limited to larger areas of bare peat and more intricate degraded areas will be missed.  It is worth emphasising it is a bare peat map not a degraded peat map so includes other areas such as exposed peat workings and dried out bog pools.
An analysis report or full methodology is available on request.
Python and R code developed for this project are available on github.
https://github.com/duncansnh/Bare-peat/</gco:CharacterString>
               </statement>
            </LI_Lineage>
         </lineage>
      </DQ_DataQuality>
   </dataQualityInfo>
</MD_Metadata>
